{
  "allowedTags": [
    "a","b","i","em","strong","u","p","br","ul","ol","li","span","div","img",
    "h1","h2","h3","h4","h5","h6","blockquote","code","pre","table","thead","tbody","tr","th","td"
  ],
  "allowedAttributes": {
    "a": ["href", "name", "target", "rel"],
    "img": ["src", "alt", "title", "width", "height"],
    "*": ["class", "id", "title", "aria-*"]
  },
  "allowedSchemes": ["http", "https", "mailto", "tel", "data"],
  "allowedSchemesByTag": {
    "img": ["http", "https", "data"]
  },
  "allowProtocolRelative": false,
  "allowedIframeHostnames": [],
  "selfClosing": ["img", "br", "hr"],
  "nonTextTags": ["style", "script", "textarea", "noscript"],
  "exclusiveFilter": false,
  "transformTags": {},
  "allowedStyles": {}
}